filename,doc_type,date,equipment_tags,title
work_orders/2024-01-15_jan-routine-maintenance.md,work_order,2024-01-15,P-101;P-102,Centrifugal Pump Routine Maintenance
work_orders/2024-02-02_feb-corrective-repair.md,work_order,2024-02-02,V-301,Feed Line Relief Valve Repair
work_orders/2024-03-20_mar-routine-inspection.md,work_order,2024-03-20,T-201,Crude Feed Tank Inspection
work_orders/2024-06-15_jun-corrective-maintenance.md,work_order,2024-06-15,HX-401,Feed Preheater Maintenance
work_orders/2024-08-10_aug-routine-maintenance.md,work_order,2024-08-10,C-501,Instrument Air Compressor Routine Maintenance
work_orders/2024-11-25_nov-corrective-repair.md,work_order,2024-11-25,P-101,Centrifugal Pump Repair
inspections/2024-01-10_january-routine-inspection.md,inspection_report,2024-01-10,P-101;P-102;V-301,Process Area A Equipment Inspection
inspections/2024-05-15_may-routine-inspection.md,inspection_report,2024-05-15,P-101;HX-401,P-101 and HX-401 Inspection Report
inspections/2024-07-20_july-routine-inspection.md,inspection_report,2024-07-20,C-501,C-501 Instrument Air Compressor Inspection
inspections/2024-09-10_september-routine-inspection.md,inspection_report,2024-09-10,T-201;V-301,Tank Farm and Process Area A Equipment Inspection
inspections/2024-11-05_november-routine-inspection.md,inspection_report,2024-11-05,P-101;P-102,P-101 and P-102 Centrifugal Pumps Inspection Report
incidents/2024-06-15_p-101-near-miss-june-2024.md,incident,2024-06-15,P-101,Minor Near-Miss: P-101 Mechanical Seal Failure
incidents/2024-05-20_hx-401-tube-failure-may-2024.md,incident,2024-05-20,HX-401,Tube Failure in HX-401 Feed Preheater
incidents/2024-11-10_c-501-compressor-vibration-nov-2024.md,incident,2024-11-10,C-501,Excessive Vibration in C-501 Instrument Air Compressor
incidents/2024-11-25_p-101-mechanical-seal-failure-nov-2024.md,incident,2024-11-25,P-101,Mechanical Seal Failure in P-101 Feed Pump (Recurrence)
sops/2023-02-15_centrifugal-pump-operation.md,procedure,2023-02-15,P-101;P-102,"Standard Operating Procedure for Centrifugal Pump Startup, Shutdown, and Operation"
sops/2023-01-20_pressure-relief-valve-testing.md,procedure,2023-01-20,V-301,Standard Operating Procedure for Pressure Relief Valve Testing
